{
  "CURRENT_STATUS.md": 1779787090.5455298,
  "PROJECT_RULES.md": 1779787090.5615873,
  "MEMORY\\agents.md": 1779787090.4728684,
  "MEMORY\\agent_context_economy.md": 1779787090.484928,
  "MEMORY\\discord_automation_risk.md": 1779787090.4814157,
  "MEMORY\\discord_monitoring_channels.md": 1779787090.4824202,
  "MEMORY\\discord_pipeline.md": 1779787090.4665093,
  "MEMORY\\encoding.md": 1779787090.4748683,
  "MEMORY\\feedback_agent_architecture.md": 1779787090.4773786,
  "MEMORY\\feedback_animate_character.md": 1779787090.489943,
  "MEMORY\\feedback_autosprite_vs_pixellab_verdict.md": 1779787090.4665093,
  "MEMORY\\feedback_basic_attack_combo_identity.md": 1779787090.478884,
  "MEMORY\\feedback_camera_lock_hd2d.md": 1779787090.4814157,
  "MEMORY\\feedback_canvas_size.md": 1779787090.5018523,
  "MEMORY\\feedback_claude_md_stub.md": 1779787090.4738677,
  "MEMORY\\feedback_codex_task_routing.md": 1779787090.4738677,
  "MEMORY\\feedback_current_status_format.md": 1779787090.50636,
  "MEMORY\\feedback_gemma_models.md": 1779787090.4859269,
  "MEMORY\\feedback_git_attribution.md": 1779787090.4979613,
  "MEMORY\\feedback_mcp_unity.md": 1779787090.4640014,
  "MEMORY\\feedback_memory_system.md": 1779787090.487435,
  "MEMORY\\feedback_nlm_auth_recovery.md": 1779787090.4748683,
  "MEMORY\\feedback_ollama_model_management.md": 1779787090.504856,
  "MEMORY\\feedback_orchestra_discipline.md": 1779787090.5028565,
  "MEMORY\\feedback_pixellab_direction.md": 1779787090.501481,
  "MEMORY\\feedback_pixellab_init_image_dimension_lock.md": 1779787090.478884,
  "MEMORY\\feedback_pixellab_prompt_structure.md": 1779787090.4773786,
  "MEMORY\\feedback_temp_files.md": 1779787090.4650059,
  "MEMORY\\INDEX.md": 1779787090.496455,
  "MEMORY\\notebooklm_workflow.md": 1779787090.4889393,
  "MEMORY\\pixellab_animation_techniques.md": 1779787090.4728684,
  "MEMORY\\pixellab_api_reliability.md": 1779787090.489943,
  "MEMORY\\pixellab_budget.md": 1779787090.4889393,
  "MEMORY\\pixellab_pipeline_workflows.md": 1779787090.4665093,
  "MEMORY\\pixellab_prompt_rules.md": 1779787090.4934556,
  "MEMORY\\pixellab_sprites.md": 1779787090.5038557,
  "MEMORY\\PIXELLAB_TOOL_GUIDE.md": 1779787090.504856,
  "MEMORY\\project_64px_armed_character_locked.md": 1779787090.483923,
  "MEMORY\\project_autosprite_trial_pending.md": 1779787090.4650059,
  "MEMORY\\project_chatgpt_canvas_fix.md": 1779787090.4864304,
  "MEMORY\\project_class_integration_order.md": 1779787090.4914508,
  "MEMORY\\project_dev_tool_rift_makeup.md": 1779787090.4803963,
  "MEMORY\\project_gate_map_reveal.md": 1779787090.504856,
  "MEMORY\\project_karar_149_subroom_encounter_lock.md": 1779787090.4675138,
  "MEMORY\\project_karar_150_act1_envanter_live.md": 1779787090.4624984,
  "MEMORY\\project_nlm_notebook_id.md": 1779787090.4748683,
  "MEMORY\\project_path_c_hybrid_lock.md": 1779787090.4834197,
  "MEMORY\\project_player_hades_system.md": 1779787090.5038557,
  "MEMORY\\project_pure_2d_topdown_pivot_2026-05-12.md": 1779787090.4675138,
  "MEMORY\\project_room_blueprints.md": 1779787090.4773786,
  "MEMORY\\project_room_staging_system.md": 1779787090.484928,
  "MEMORY\\project_skill_offer_system.md": 1779787090.4944556,
  "MEMORY\\project_story_lore.md": 1779787090.5018523,
  "MEMORY\\project_subroom_canonical_tags_lock.md": 1779787090.4624984,
  "MEMORY\\project_subroom_encounter_system_proposal.md": 1779787090.4634967,
  "MEMORY\\project_test_automation.md": 1779787090.4809074,
  "MEMORY\\project_ui_qa_ai_skills.md": 1779787090.4864304,
  "MEMORY\\project_ui_state_blueprint.md": 1779787090.4934556,
  "MEMORY\\project_wall_production_pipeline_s99_late.md": 1779787090.471018,
  "MEMORY\\project_warblade_weapon_animation_plan_s99_late.md": 1779787090.4718645,
  "MEMORY\\reference_pixellab_prompt_grammar.md": 1779787090.478884,
  "MEMORY\\statusline.md": 1779787090.4640014,
  "MEMORY\\subagents.md": 1779787090.4763732,
  "s107_obsidian_notes\\Cliff_System.md": 1779787090.4379795,
  "s107_obsidian_notes\\Open_Decisions.md": 1779787090.4409766,
  "s107_obsidian_notes\\README.md": 1779787090.4424865,
  "s107_obsidian_notes\\Reward_Portal_Flow.md": 1779787090.4399767,
  "s107_obsidian_notes\\S107_Overnight_Log.md": 1779787090.4399767,
  "s107_obsidian_notes\\S108_Cleanup.md": 1779787090.4424865,
  "s107_obsidian_notes\\Walkability_Dash.md": 1779787090.4389772
}